id,natural_cidade_campus,qtd_periodos_cursados,genero,cor
40,N,7,M,Parda
60,S,7,M,Branca
68,N,7,F,Parda
70,N,7,M,Branca
82,N,6,M,Parda
103,N,9,M,Parda
104,N,7,M,Branca
105,N,2,M,Preta
113,N,8,M,Preta
122,N,11,M,Parda
125,N,7,M,Parda
137,N,10,F,Parda
157,N,7,M,Preta
164,N,9,F,Preta
176,N,7,M,Branca
180,N,6,F,Parda
190,N,6,M,Branca
196,N,3,M,Preta
204,S,11,M,Branca
209,N,8,M,Parda
210,S,2,F,Parda
223,N,9,F,Branca
232,N,5,F,Branca
247,N,8,M,Parda
261,N,2,M,Parda
265,N,9,F,Branca
268,N,9,M,Branca
306,S,2,M,Branca
307,S,2,M,Branca
325,N,8,F,Parda
332,S,1,F,Branca
333,S,8,F,Branca
336,N,7,F,Branca
337,N,2,F,Branca
338,N,2,F,Branca
345,N,4,F,Branca
358,S,2,F,Branca
416,N,8,M,Parda
425,N,1,F,Preta
426,N,6,F,Preta
438,S,1,F,Branca
439,S,4,F,Branca
445,S,1,M,Parda
446,S,8,M,Parda
448,N,6,M,Parda
449,N,2,M,Parda
452,N,1,M,Branca
455,N,2,M,Parda
456,N,9,M,Parda
463,N,6,F,Parda
464,N,2,F,Parda
489,S,4,F,Preta
490,S,4,F,Preta
510,N,11,F,Parda
513,N,1,M,Branca
560,N,2,F,Branca
561,N,11,F,Branca
562,N,1,F,Branca
563,N,3,F,Branca
566,N,6,M,Branca
567,N,3,M,Branca
570,S,8,M,Branca
571,S,1,M,Branca
598,N,4,M,Parda
599,N,1,M,Parda
614,N,10,M,Branca
615,N,1,M,Branca
641,S,2,F,Parda
643,N,1,M,Branca
644,N,2,M,Branca
649,N,2,M,Branca
650,N,8,M,Branca
658,N,6,M,Preta
659,N,2,M,Preta
662,N,6,M,Branca
663,N,3,M,Branca
665,S,2,F,Branca
666,S,1,F,Branca
671,N,9,F,Parda
672,N,1,F,Parda
673,S,1,F,Branca
674,S,3,F,Branca
680,S,1,F,Preta
681,S,6,F,Preta
688,N,2,F,Branca
689,N,2,F,Branca
695,N,2,F,Preta
696,N,2,F,Preta
697,S,8,F,Parda
702,N,2,F,Parda
703,N,2,F,Parda
718,S,1,M,Preta
719,S,8,M,Preta
722,S,2,M,Branca
723,S,9,M,Branca
730,N,2,M,Branca
731,N,3,M,Branca
734,S,7,F,Parda
735,S,3,F,Parda
785,S,1,M,Parda
796,S,5,M,Preta
797,S,1,M,Preta
809,N,4,F,Branca
810,N,3,F,Branca
818,N,4,M,Branca
819,N,2,M,Branca
825,S,7,M,Parda
832,S,2,M,Branca
833,S,9,M,Branca
835,N,3,F,Parda
836,N,1,F,Parda
837,N,6,F,Branca
838,N,3,F,Branca
841,S,7,F,Parda
859,N,1,M,Branca
860,N,4,M,Branca
867,S,1,F,Parda
914,S,4,F,Branca
915,S,1,F,Branca
918,N,4,F,Branca
919,N,1,F,Branca
920,N,1,F,Branca
921,N,4,F,Branca
922,N,1,F,Branca
923,N,3,F,Branca
924,N,1,F,Branca
925,N,2,F,Branca
926,N,1,F,Branca
929,S,6,F,Parda
930,S,2,F,Parda
938,N,2,F,Parda
939,N,3,F,Parda
961,S,2,F,Parda
962,S,9,F,Parda
971,N,9,M,Branca
972,N,1,M,Branca
978,N,11,F,Parda
983,S,6,F,Parda
996,N,1,F,Parda
997,N,1,F,Parda
1001,N,10,F,Parda
1029,N,6,M,Branca
1038,N,8,F,Preta
1041,N,6,M,Parda
1042,N,7,M,Parda
1043,N,9,M,Branca
1052,N,10,M,Branca
1055,N,9,M,Branca
1060,N,6,M,Parda
1070,S,9,F,Amarela
1077,N,8,F,Branca
1079,N,10,F,Parda
1081,N,4,M,Branca
1093,N,4,F,Branca
1095,N,6,F,Parda
1128,N,8,F,Parda
1149,S,8,F,Parda
1151,N,6,F,Branca
1153,N,2,F,Branca
1157,N,3,F,Preta
1164,S,2,F,Branca
1165,N,10,F,Branca
1172,S,6,M,Branca
1176,N,4,M,Preta
1197,S,4,F,Branca
1201,N,6,F,Branca
1255,N,2,F,Parda
1262,N,4,M,Branca
1275,N,8,F,Parda
1281,N,2,M,Parda
1290,N,9,F,Branca
1297,S,8,F,Branca
1301,N,6,F,Branca
1306,S,1,M,Branca
1307,N,4,M,Parda
1313,S,4,M,Branca
1321,S,5,F,Branca
1337,N,9,F,Branca
1363,N,4,M,Branca
1364,S,8,M,Parda
1373,N,6,F,Parda
1380,N,2,F,Branca
1399,S,6,F,Preta
1408,N,5,F,Parda
1419,N,8,F,Parda
1423,N,6,F,Branca
1455,S,4,F,Preta
1456,S,4,F,Parda
1457,N,9,F,Branca
1459,S,6,F,Branca
1475,N,8,M,Parda
1483,N,8,F,Parda
1485,N,8,F,Parda
1494,N,9,F,Branca
1499,S,8,M,Parda
1501,N,4,M,Parda
1502,N,8,F,Branca
1512,N,8,M,Parda
1518,S,9,F,Parda
1534,N,9,M,Parda
1543,S,6,F,Branca
1564,N,9,F,Amarela
1571,N,4,F,Parda
1574,S,8,M,Parda
1588,N,4,F,Parda
1601,N,10,M,Parda
1619,N,8,F,Parda
1630,N,9,M,Parda
1631,N,2,M,Parda
1654,N,6,F,Parda
1676,N,4,F,Branca
1678,N,4,M,Parda
1685,N,10,F,Preta
1686,S,8,F,Parda
1700,N,8,M,Preta
1724,N,9,M,Parda
1749,N,3,F,Branca
1752,S,6,F,Amarela
1755,N,4,F,Preta
1770,S,9,F,Branca
1778,N,10,F,Branca
1779,N,2,F,Branca
1783,N,8,F,Branca
1791,N,9,F,Branca
1792,N,8,F,Branca
1796,N,8,F,Parda
1797,N,10,F,Branca
1799,S,8,F,Branca
1808,N,6,F,Parda
1810,S,10,M,Parda
1821,S,4,M,Parda
1822,S,10,M,Parda
1876,N,1,F,Parda
1877,N,4,F,Branca
1880,N,6,M,Preta
1922,N,2,M,Branca
1939,N,4,F,Parda
1945,N,6,M,Preta
1951,N,3,F,Branca
1954,S,6,F,Branca
1958,N,10,F,Parda
1964,S,3,F,Branca
1976,N,4,F,Preta
1979,S,10,F,Parda
1983,N,4,F,Parda
1997,N,6,F,Branca
2014,N,4,F,Branca
2024,N,8,F,Branca
2030,N,6,M,Branca
2031,N,8,F,Amarela
2039,N,9,F,Branca
2041,N,4,F,Branca
2044,N,6,F,Branca
2048,N,1,F,Amarela
2054,N,4,M,Parda
2059,N,8,F,Preta
2060,S,8,F,Parda
2062,N,9,M,Parda
2079,N,5,M,Branca
2091,N,5,M,Parda
2095,N,6,M,Parda
2100,S,2,M,Branca
2106,N,9,M,Parda
2112,N,8,M,Parda
2119,N,6,M,Parda
2127,N,10,M,Branca
2134,N,8,M,Parda
2135,N,8,M,Preta
2159,N,8,F,Parda
2164,N,8,F,Branca
2188,S,2,M,Branca
2193,N,6,F,Branca
2208,S,8,F,Parda
2215,S,6,F,Parda
2217,S,8,M,Branca
2225,N,2,F,Branca
2233,N,7,F,Preta
2245,S,10,M,Parda
2250,S,8,F,Branca
2251,N,4,F,Branca
2261,N,6,F,Branca
2262,S,4,F,Parda
2268,N,8,F,Branca
2271,N,6,F,Branca
2272,S,2,F,Parda
2281,N,8,F,Parda
2283,N,10,M,Parda
2284,S,8,F,Parda
2289,S,8,M,Branca
2295,N,8,M,Branca
2317,N,1,F,Parda
2331,S,6,F,Branca
2346,N,8,F,Branca
2348,N,4,F,Branca
2353,S,4,F,Branca
2357,N,9,M,Branca
2362,N,9,F,Parda
2378,S,2,F,Branca
2379,N,1,F,Parda
2387,N,10,F,Preta
2388,N,4,F,Branca
2392,S,9,F,Branca
2404,N,6,M,Parda
2409,N,2,M,Branca
2416,N,4,M,Branca
2440,N,7,M,Preta
2448,S,6,F,Branca
2453,N,6,M,Parda
2465,N,8,M,Branca
2476,N,8,M,Branca
2477,N,10,M,Branca
2484,N,8,M,Parda
2489,N,1,M,Branca
2497,N,8,F,Branca
2520,S,7,F,Parda
2526,N,4,M,Parda
2528,N,1,M,Branca
2566,S,4,F,Preta
2573,N,2,F,Branca
2579,N,3,F,Branca
2581,S,2,F,Parda
2584,N,4,F,Parda
2586,S,10,F,Parda
2587,S,6,F,Branca
2588,N,8,F,Branca
2603,N,6,F,Parda
2606,N,8,F,Preta
2607,N,8,F,Parda
2609,N,10,F,Parda
2613,N,2,F,Branca
2614,N,8,F,Branca
2617,S,9,F,Parda
2628,N,4,F,Parda
2636,S,6,F,Preta
2638,N,8,F,Preta
2651,S,8,F,Preta
2671,S,8,F,Parda
2718,N,8,F,Branca
2726,N,4,M,Branca
2771,N,6,F,Parda
2780,S,10,F,Branca
2785,N,8,F,Parda
2799,S,8,F,Branca
2817,S,6,F,Parda
2819,S,8,F,Parda
2829,N,8,M,Preta
2838,N,9,F,Parda
2843,N,2,F,Branca
2858,N,2,M,Branca
2878,N,4,M,Parda
2906,S,3,M,Branca
2911,N,2,M,Branca
2926,S,4,F,Branca
2927,S,8,F,Parda
2959,N,8,F,Parda
2960,N,4,F,Parda
2974,N,5,M,Parda
2975,N,2,M,Preta
2986,N,4,M,Parda
3027,N,10,M,Branca
3040,N,2,F,Branca
3044,N,3,F,Parda
3103,N,10,F,Branca
3118,N,8,F,Parda
3122,N,10,F,Branca
3125,N,10,M,Branca
3136,S,6,F,Parda
3141,S,10,F,Parda
3154,N,10,F,Parda
3157,N,1,F,Branca
3159,N,3,F,Branca
3172,N,8,F,Branca
3173,N,10,F,Parda
3179,N,10,F,Branca
3192,N,9,M,Parda
3204,N,9,M,Branca
3207,N,6,F,Branca
3213,N,7,F,Parda
3216,N,8,F,Preta
3225,S,4,F,Branca
3242,N,8,M,Branca
3247,S,1,M,Branca
3260,N,9,M,Preta
3279,N,2,F,Parda
3291,N,10,M,Parda
3314,N,10,M,Branca
3319,N,7,F,Parda
3320,N,2,F,Branca
3330,S,10,F,Indígena
3336,N,8,M,Preta
3339,S,2,F,Parda
3360,S,6,M,Branca
3361,S,3,M,Branca
3369,N,5,F,Branca
3371,N,3,M,Preta
3374,N,2,M,Parda
3377,N,7,F,Preta
3389,N,5,M,Parda
3394,S,5,F,Branca
3395,S,3,F,Branca
3407,N,5,F,Branca
3445,N,9,F,Branca
3483,N,11,M,Branca
3526,N,11,M,Branca
3535,N,5,M,Parda
3545,N,4,M,Parda
3577,S,9,F,Branca
3579,S,2,F,Branca
3614,N,7,M,Parda
3677,S,5,M,Branca
3692,S,5,M,Parda
3693,N,7,M,Branca
3698,N,3,F,Parda
3717,N,9,M,Parda
3718,S,9,F,Parda
3744,S,7,M,Branca
3748,N,11,M,Branca
3783,S,2,M,Branca
3861,N,8,M,Branca
4020,N,7,M,Preta
4069,N,7,M,Branca
4075,N,7,M,Parda
4105,S,8,F,Preta
4109,N,6,F,Branca
4115,N,7,F,Branca
4116,N,2,F,Parda
4128,N,1,F,Branca
4129,N,1,F,Branca
4135,N,6,F,Branca
4140,S,1,F,Parda
4150,S,2,F,Parda
4151,S,3,F,Parda
4158,N,1,M,Parda
4166,S,1,F,Preta
4167,S,7,F,Preta
4170,S,9,F,Branca
4174,N,8,M,Branca
4175,N,1,M,Branca
4183,S,1,F,Parda
4188,S,1,M,Branca
4200,N,5,M,Branca
4202,N,12,F,Branca
4203,N,1,F,Branca
4213,N,4,M,Parda
4216,N,1,M,Branca
4217,N,5,M,Branca
4219,N,4,F,Branca
4220,N,5,F,Branca
4222,N,1,M,Branca
4223,N,1,M,Branca
4226,N,3,F,Parda
4227,N,1,F,Parda
4234,N,4,M,Branca
4235,N,3,M,Branca
4237,N,1,F,Parda
4242,S,4,F,Parda
4243,S,5,F,Parda
4245,N,9,M,Preta
4247,N,5,F,Parda
4248,N,3,F,Parda
4250,S,2,M,Branca
4275,N,1,F,Parda
4286,N,8,F,Parda
4287,N,1,F,Parda
4294,N,5,F,Branca
4299,N,2,M,Parda
4304,N,16,M,Preta
4310,N,1,M,Preta
4324,N,2,F,Branca
4359,N,2,F,Branca
4363,N,4,F,Preta
4369,N,4,F,Branca
4373,S,4,F,Branca
4380,S,6,F,Parda
4384,S,1,M,Preta
4387,S,8,F,Parda
4393,S,4,F,Parda
4397,N,6,F,Branca
4398,N,3,F,Parda
4399,N,3,F,Preta
4414,S,10,F,Branca
4416,S,6,F,Parda
4438,N,3,M,Branca
4440,N,3,M,Parda
4444,N,5,M,Preta
4468,N,2,F,Parda
4481,N,6,F,Preta
4504,N,9,M,Parda
4517,N,7,F,Parda
4523,N,10,M,Parda
4526,N,6,M,Parda
4538,N,4,F,Parda
4557,S,9,M,Preta
4571,N,8,F,Parda
4578,N,8,F,Branca
4604,N,5,M,Parda
4633,N,8,F,Parda
4638,N,6,F,Branca
4648,N,2,M,Parda
4669,N,8,M,Parda
4672,N,10,M,Branca
4675,N,7,M,Parda
4676,S,8,F,Branca
4678,N,2,F,Parda
4685,N,1,M,Branca
4716,N,2,M,Branca
4719,N,6,M,Parda
4721,N,4,F,Preta
4742,S,6,F,Branca
4744,N,7,M,Branca
4764,S,4,M,Parda
4776,N,8,F,Preta
4788,N,1,M,Branca
4801,N,8,M,Parda
4811,N,6,F,Parda
4813,N,4,F,Branca
4817,N,4,F,Branca
4827,S,2,F,Branca
4835,N,9,F,Preta
4842,N,7,F,Parda
4846,S,6,F,Parda
4854,N,4,M,Parda
4855,S,1,M,Parda
4871,N,10,M,Branca
4874,N,2,F,Amarela
4887,N,5,F,Preta
4895,S,8,F,Branca
4897,N,10,F,Parda
4936,S,3,M,Branca
4949,N,4,M,Branca
4964,N,2,F,Preta
4969,S,6,F,Parda
5019,N,4,M,Parda
5025,N,8,F,Parda
5031,N,1,M,Branca
5047,S,8,F,Parda
5058,N,8,M,Branca
5072,N,2,M,Branca
5086,N,3,F,Parda
5112,N,6,M,Branca
5113,N,2,M,Preta
5123,N,8,M,Parda
5144,N,8,F,Parda
5146,N,4,F,Preta
5151,S,7,F,Parda
5154,N,2,F,Preta
5179,N,4,F,Parda
5185,S,8,F,Branca
5251,N,1,M,Parda
5260,S,4,M,Preta
5269,N,4,F,Parda
5311,N,6,F,Parda
5316,N,3,M,Parda
5317,N,2,M,Preta
5339,N,3,F,Parda
5346,S,4,F,Preta
5347,N,8,F,Parda
5350,N,9,F,Preta
5351,N,10,F,Branca
5364,N,1,F,Parda
5366,N,6,F,Branca
5377,N,10,M,Parda
5389,N,4,M,Branca
5397,N,2,F,Branca
5409,N,6,M,Branca
5428,N,6,M,Branca
5437,N,2,F,Branca
5458,S,4,M,Branca
5469,S,5,F,Parda
5482,N,3,F,Branca
5483,N,1,F,Branca
5493,S,11,M,Parda
5495,S,2,M,Parda
5496,S,3,M,Parda
5509,S,9,M,Branca
5515,S,3,M,Branca
5520,S,3,F,Parda
5535,N,8,M,Parda
5538,N,5,M,Branca
5545,S,4,M,Branca
5546,S,1,M,Branca
5567,S,7,M,Parda
5568,S,2,M,Parda
5570,S,3,M,Parda
5574,S,3,M,Branca
5580,S,4,M,Branca
5581,S,4,M,Branca
5593,N,2,F,Branca
5594,N,6,F,Branca
5595,S,7,F,Branca
5607,N,11,M,Branca
5623,N,8,M,Parda
5627,S,3,M,Branca
5628,S,8,M,Branca
5636,S,5,F,Branca
5641,N,8,M,Preta
5642,N,2,M,Preta
5658,S,5,M,Parda
5659,S,3,M,Parda
5678,S,3,M,Parda
5679,S,2,M,Parda
5685,S,8,M,Branca
5686,N,11,F,Branca
5707,S,4,F,Branca
5710,N,7,F,Parda
5716,S,4,F,Parda
5721,N,11,M,Parda
5725,S,9,F,Branca
5726,S,2,F,Branca
5735,N,7,M,Branca
5737,N,9,M,Parda
5744,N,3,M,Parda
5772,N,5,F,Branca
5777,N,8,F,Branca
5784,N,5,F,Branca
5787,N,9,F,Parda
5788,N,8,F,Parda
5804,N,1,F,Parda
5822,S,3,F,Branca
5833,S,3,M,Branca
5848,N,2,M,Branca
5852,S,7,F,Branca
5881,S,2,F,Branca
5897,N,4,F,Branca
5908,N,3,M,Parda
5909,N,3,F,Branca
5915,S,7,F,Branca
5921,S,5,F,Parda
5938,N,7,M,Parda
5951,N,3,F,Parda
5961,S,1,M,Parda
5977,N,6,M,Parda
5989,S,9,F,Parda
5990,N,4,F,Parda
5996,S,7,M,Branca
6006,S,5,F,Preta
6008,S,7,M,Branca
6054,S,7,F,Branca
6074,N,6,M,Branca
6079,N,3,F,Parda
6080,N,7,F,Preta
6081,N,5,F,Parda
6095,N,11,M,Branca
6097,N,1,F,Branca
6120,S,4,F,Parda
6124,N,5,M,Parda
6141,N,5,M,Parda
6143,S,8,F,Parda
6152,N,11,M,Parda
6153,N,1,M,Branca
6155,N,11,M,Parda
6156,S,3,M,Branca
6172,N,3,M,Parda
6176,S,1,M,Parda
6192,S,7,F,Branca
6197,S,5,F,Branca
6200,N,9,F,Branca
6218,N,5,F,Parda
6223,N,2,M,Parda
6238,S,11,M,Branca
6268,S,9,M,Branca
6276,S,7,M,Parda
6279,S,4,F,Branca
6280,N,7,F,Branca
6318,N,9,M,Parda
6336,S,7,F,Parda
6339,S,10,F,Branca
6340,S,6,F,Parda
6359,N,8,M,Parda
6363,S,8,F,Parda
6365,N,8,F,Parda
6369,S,5,M,Branca
6370,S,5,M,Parda
6380,S,9,F,Parda
6394,N,9,M,Branca
6397,N,11,M,Preta
6426,N,11,M,Preta
6429,N,7,M,Branca
6433,S,7,M,Branca
6434,N,3,M,Parda
6449,N,5,F,Preta
6450,N,11,F,Branca
6455,S,7,M,Preta
6462,N,2,F,Preta
6476,S,3,M,Branca
6487,S,6,F,Parda
6495,S,11,F,Branca
6496,S,7,F,Branca
6501,S,8,F,Branca
6524,N,7,F,Preta
6549,N,8,M,Branca
6558,N,9,F,Branca
6559,S,4,F,Branca
6571,S,4,F,Parda
6594,S,5,F,Parda
6602,S,10,M,Indígena
6605,S,2,F,Branca
6622,S,4,M,Parda
6629,S,8,M,Branca
6657,N,5,F,Branca
6689,S,1,M,Branca
6690,N,3,M,Preta
6702,N,8,F,Branca
6726,S,7,M,Branca
6743,S,5,M,Preta
6751,N,8,F,Parda
6762,N,11,F,Branca
6766,S,7,F,Parda
6767,N,6,F,Branca
6771,N,5,F,Parda
6772,N,11,F,Branca
6786,S,5,F,Branca
6798,S,4,M,Parda
6802,S,11,F,Parda
6804,N,1,M,Branca
6827,N,5,M,Branca
6852,S,8,M,Branca
6878,S,4,F,Branca
6902,N,8,M,Branca
6904,S,11,F,Branca
6912,N,11,M,Branca
6913,N,6,M,Parda
6927,S,11,F,Branca
6939,N,4,M,Branca
6988,S,6,F,Branca
6994,N,5,F,Branca
7002,N,3,M,Branca
7010,N,11,M,Branca
7017,S,5,F,Branca
7018,S,6,F,Branca
7027,S,3,F,Branca
7028,N,8,M,Parda
7036,S,7,F,Parda
7053,N,2,F,Parda
7060,N,3,M,Parda
7061,S,8,M,Parda
7092,N,2,M,Parda
7106,S,5,M,Preta
7119,S,7,M,Branca
7134,N,1,M,Parda
7138,S,3,F,Preta
7140,N,5,M,Preta
7148,N,9,F,Branca
7149,S,3,F,Parda
7150,N,7,F,Parda
7167,N,8,F,Branca
7170,N,8,F,Parda
7185,N,3,M,Branca
7200,S,3,F,Parda
7212,S,11,M,Branca
7214,N,3,M,Branca
7215,N,8,M,Branca
7219,N,11,M,Parda
7240,S,10,F,Parda
7241,S,8,F,Branca
7246,S,9,M,Parda
7277,N,3,M,Branca
7299,N,7,M,Branca
7316,N,9,M,Parda
7322,S,7,F,Parda
7332,N,6,F,Branca
7343,S,5,F,Preta
7361,S,3,M,Preta
7362,S,7,M,Preta
7363,S,7,F,Preta
7364,S,1,F,Preta
7378,S,6,M,Parda
7381,S,6,F,Parda
7383,N,10,F,Parda
7384,N,1,F,Parda
7393,S,5,F,Branca
7394,S,2,F,Branca
7403,S,6,M,Parda
7410,N,4,M,Branca
7411,N,2,M,Branca
7413,S,3,F,Parda
7414,S,6,F,Parda
7430,N,11,M,Branca
7431,S,2,F,Preta
7432,S,1,F,Preta
7436,N,17,F,Branca
7450,S,2,M,Branca
7451,S,7,M,Parda
7459,N,2,F,Parda
7460,N,5,F,Parda
7468,N,1,F,Branca
7469,N,3,F,Branca
7475,S,5,M,Parda
7477,S,2,M,Branca
7478,S,5,M,Branca
7480,S,5,M,Preta
7482,N,8,F,Parda
7485,N,1,F,Parda
7486,S,4,F,Preta
7487,N,4,F,Branca
7498,N,6,M,Parda
7499,N,1,M,Parda
7507,N,3,M,Parda
7508,N,1,M,Parda
7519,S,10,F,Parda
7524,N,7,F,Branca
7526,S,7,M,Preta
7527,S,1,M,Preta
7540,N,1,F,Parda
7541,N,3,F,Parda
7542,N,8,F,Parda
7554,S,3,M,Branca
7555,S,3,M,Branca
7564,S,2,M,Parda
7565,S,4,M,Parda
7581,S,2,F,Parda
7583,S,7,F,Parda
7597,N,5,M,Parda
7619,N,3,M,Branca
7626,S,3,F,Parda
7629,S,6,F,Parda
7640,S,8,F,Parda
7648,S,6,F,Parda
7650,S,3,F,Preta
7654,N,2,F,Parda
7657,S,3,F,Parda
7663,S,1,M,Parda
7667,S,6,M,Branca
7682,N,6,F,Parda
7697,N,3,M,Branca
7701,N,3,M,Parda
7712,S,2,F,Branca
7716,S,6,F,Parda
7722,N,3,F,Branca
7725,S,8,F,Parda
7727,S,6,M,Parda
7740,S,3,M,Branca
7755,N,6,F,Parda
7758,S,10,F,Amarela
7763,S,3,F,Branca
7787,S,9,M,Parda
7791,N,2,M,Parda
7804,N,2,F,Parda
7812,S,6,M,Parda
7813,N,7,M,Parda
7829,N,5,F,Preta
7836,N,3,F,Preta
7841,S,9,F,Branca
7847,N,7,F,Parda
7851,S,3,F,Parda
7869,N,7,F,Parda
7881,S,10,F,Parda
7900,S,2,F,Parda
7903,S,5,M,Parda
7904,S,4,M,Parda
7905,S,3,M,Parda
7907,N,10,F,Preta
7923,N,8,M,Parda
7970,N,2,M,Branca
7979,S,8,M,Branca
7990,S,3,M,Parda
7997,N,2,F,Branca
7998,S,5,F,Preta
8000,N,8,F,Parda
8033,S,5,M,Branca
8046,N,5,M,Branca
8047,S,2,M,Parda
8067,S,8,M,Parda
8074,S,3,F,Branca
8093,S,4,M,Parda
8103,S,6,M,Preta
8108,N,8,F,Parda
8109,S,8,F,Parda
8112,S,3,F,Parda
8114,N,8,F,Parda
8116,N,9,F,Branca
8117,S,6,F,Preta
8121,S,8,F,Parda
8170,N,8,F,Branca
8179,S,8,F,Parda
8191,N,3,M,Parda
8201,S,8,M,Branca
8204,N,5,M,Preta
8228,S,3,F,Parda
8231,N,2,F,Parda
8276,S,10,F,Parda
8279,S,10,M,Parda
8281,S,3,M,Parda
8291,S,5,F,Parda
8294,S,5,F,Parda
8295,S,10,F,Parda
8298,S,3,F,Parda
8301,N,4,F,Parda
8309,N,5,F,Parda
8312,S,6,M,Parda
8331,N,8,F,Parda
8344,N,2,F,Branca
8362,N,9,M,Parda
8363,S,10,M,Parda
8370,S,8,M,Parda
8399,S,8,F,Parda
8409,S,7,F,Preta
8413,S,3,M,Parda
8436,S,8,M,Branca
8461,N,1,F,Parda
8463,N,6,F,Branca
8471,N,3,F,Preta
8480,N,6,M,Parda
8483,S,10,M,Parda
8493,S,9,M,Preta
8495,N,9,M,Branca
8509,S,6,M,Branca
8514,S,8,M,Parda
8518,N,5,F,Parda
8521,S,4,M,Parda
8539,N,10,F,Parda
8553,S,8,F,Branca
8556,N,4,F,Parda
8560,S,5,F,Parda
8561,N,9,F,Parda
8565,S,6,F,Amarela
8584,S,2,M,Parda
8616,N,2,M,Parda
8624,N,2,M,Branca
8633,S,6,M,Parda
8658,S,6,F,Parda
8692,N,4,M,Parda
8707,S,3,M,Preta
8709,S,10,F,Branca
8724,N,5,M,Parda
8727,S,8,M,Preta
8737,N,2,F,Parda
8740,S,3,F,Preta
8744,S,3,M,Branca
8755,S,2,M,Parda
8759,S,8,M,Branca
8772,N,3,F,Parda
8774,N,8,F,Parda
8781,S,1,M,Branca
8798,N,2,M,Parda
8800,S,10,F,Preta
8803,S,7,F,Parda
8809,S,7,M,Parda
8817,S,3,F,Parda
8825,N,2,F,Preta
8831,N,9,M,Parda
8845,S,8,F,Branca
8866,S,10,M,Parda
8875,N,5,F,Preta
8888,N,7,M,Parda
8896,S,3,M,Preta
8910,S,3,M,Branca
8911,S,3,F,Preta
8915,S,8,F,Preta
8918,N,8,M,Parda
8921,S,3,M,Parda
8925,S,3,M,Parda
8930,S,10,M,Branca
8938,S,2,M,Branca
8942,S,3,M,Preta
8969,N,8,M,Preta
8973,N,3,F,Parda
8976,N,1,F,Branca
8980,S,1,M,Parda
8982,N,2,M,Parda
8985,N,1,M,Parda
9004,N,3,M,Parda
9026,S,4,M,Parda
9029,N,4,M,Parda
9071,N,1,M,Parda
9084,N,5,M,Parda
9088,N,5,F,Parda
9098,N,2,M,Parda
9102,N,9,F,Parda
9112,N,7,M,Parda
9117,S,5,M,Parda
9132,S,3,M,Parda
9134,N,3,M,Parda
9136,N,1,F,Parda
9137,S,9,M,Parda
9142,S,9,M,Parda
9145,N,7,M,Parda
9151,N,7,M,Parda
9153,N,9,M,Parda
9161,N,5,M,Preta
9165,S,7,M,Parda
9178,S,3,M,Branca
9181,S,3,F,Parda
9187,N,7,F,Branca
9195,N,9,M,Parda
9203,N,5,F,Parda
9206,S,9,F,Parda
9208,N,9,M,Parda
9212,N,7,M,Parda
9215,N,5,F,Parda
9219,S,2,F,Parda
9222,S,3,M,Parda
9226,N,7,F,Parda
9230,S,1,M,Parda
9233,N,5,M,Parda
9236,N,4,F,Parda
9239,N,2,F,Branca
9241,N,2,M,Parda
9255,N,1,M,Parda
9265,N,8,M,Parda
9273,S,4,F,Parda
9276,N,2,M,Parda
9292,S,2,M,Parda
9293,N,7,M,Branca
9356,N,8,M,Parda
9367,N,1,F,Parda
9369,N,3,M,Branca
9389,S,8,M,Parda
9390,S,8,M,Parda
9402,N,1,M,Parda
9411,N,4,F,Parda
9425,S,3,F,Preta
9447,N,8,F,Branca
9464,S,6,F,Parda
9473,S,8,M,Branca
9504,S,1,F,Branca
9519,N,8,M,Parda
9528,N,4,M,Parda
9530,S,6,M,Parda
9534,N,8,F,Parda
9550,N,8,M,Branca
9566,N,1,F,Branca
9567,N,6,F,Parda
9573,N,7,F,Parda
9574,N,1,F,Parda
9581,N,5,F,Branca
9595,N,8,F,Parda
9598,S,8,F,Parda
9602,S,9,F,Parda
9613,S,2,M,Parda
9618,N,9,M,Parda
9624,N,1,F,Branca
9625,N,8,M,Parda
9626,N,3,M,Parda
9627,N,1,M,Parda
9628,N,8,M,Parda
9646,N,4,F,Parda
9652,N,4,F,Parda
9670,N,8,M,Parda
9672,N,2,M,Parda
9673,N,1,M,Parda
9678,N,1,M,Branca
9695,N,9,M,Parda
9702,N,4,F,Parda
9703,N,3,F,Parda
9704,S,3,F,Parda
9705,S,5,F,Parda
9719,N,2,M,Parda
9724,N,8,F,Parda
9725,N,2,F,Parda
9727,N,8,F,Parda
9728,N,7,F,Branca
9729,N,3,F,Branca
9742,N,6,M,Parda
9746,N,3,M,Branca
9749,N,8,M,Branca
9766,N,2,M,Preta
9767,S,10,F,Parda
9768,N,7,F,Parda
9785,N,10,M,Parda
9789,N,4,M,Parda
9810,N,3,F,Preta
9811,N,3,M,Preta
9813,S,4,F,Parda
9821,N,2,F,Parda
9852,N,7,F,Parda
9854,N,10,F,Parda
9855,N,7,M,Preta
9861,S,2,F,Parda
9864,N,5,F,Parda
9870,S,8,F,Parda
9873,N,8,F,Parda
9903,N,3,F,Parda
9904,N,8,F,Parda
9906,N,3,F,Branca
9913,S,7,F,Parda
9921,S,6,F,Parda
9923,N,7,F,Parda
9927,S,7,F,Parda
9931,S,5,F,Parda
9933,S,3,F,Preta
9956,N,5,M,Parda
9962,S,9,F,Parda
9968,N,5,F,Parda
9971,S,3,F,Parda
10021,S,3,F,Parda
10024,N,7,M,Parda
10043,N,2,F,Parda
10048,N,5,F,Parda
10068,N,2,F,Parda
10070,N,9,F,Parda
10071,S,8,M,Parda
10082,N,7,F,Parda
10090,N,7,M,Parda
10093,N,8,F,Parda
10099,S,9,F,Parda
10104,S,7,M,Parda
10106,N,8,F,Parda
10120,N,11,M,Parda
10124,N,4,F,Parda
10143,N,8,F,Preta
10182,N,5,M,Parda
10195,N,2,F,Parda
10199,N,3,M,Parda
10207,N,8,F,Parda
10212,S,10,F,Parda
10220,N,7,M,Parda
10225,S,5,F,Parda
10226,N,8,F,Parda
10235,N,1,F,Parda
10240,S,7,F,Parda
10260,N,8,F,Parda
10261,N,5,F,Parda
10262,N,8,F,Parda
10307,S,2,M,Parda
10314,N,7,F,Parda
10317,N,10,F,Parda
10318,S,1,F,Parda
10321,N,8,F,Parda
10324,N,8,F,Parda
10338,N,7,F,Parda
10339,N,8,F,Parda
10404,N,9,F,Parda
10475,N,3,F,Parda
10487,N,8,F,Parda
10492,N,7,F,Branca
10493,S,9,F,Parda
10500,N,2,M,Parda
10502,N,8,F,Parda
10503,S,5,M,Parda
10506,S,3,M,Parda
10523,N,10,M,Parda
10526,N,3,F,Branca
10532,N,5,M,Parda
10568,N,9,F,Parda
10571,N,3,F,Parda
10572,N,3,F,Parda
10594,S,7,F,Parda
10595,N,5,F,Parda
10598,N,7,F,Parda
10601,N,10,F,Branca
10605,N,5,F,Parda
10607,S,8,F,Parda
10610,N,5,M,Parda
10611,N,7,F,Parda
10612,S,8,F,Parda
10613,S,5,F,Parda
10615,N,1,F,Parda
10618,N,5,F,Parda
10623,N,10,F,Parda
10627,S,5,F,Parda
10632,N,7,F,Parda
10641,S,7,F,Parda
10643,N,9,F,Parda
10644,N,2,F,Parda
10652,N,9,M,Parda
10660,N,5,M,Parda
10666,N,8,F,Parda
10669,N,7,F,Parda
10675,N,3,F,Parda
10678,N,3,F,Parda
10695,N,7,F,Parda
10697,N,3,F,Parda
10708,N,3,M,Branca
10710,N,3,M,Parda
10711,N,9,F,Parda
10719,N,8,F,Branca
10721,N,7,F,Parda
10722,N,3,F,Parda
10732,N,3,M,Preta
10752,N,1,F,Parda
10754,N,8,F,Parda
10760,N,3,F,Parda
10763,N,7,F,Preta
10765,N,8,F,Parda
10772,S,3,M,Parda
10779,S,3,F,Parda
10794,N,9,F,Branca
10805,S,3,F,Parda
10823,S,3,M,Parda
10832,S,8,M,Parda
10860,N,9,F,Parda
10864,N,8,F,Parda
10865,N,9,F,Parda
10878,N,8,F,Parda
10880,S,10,F,Parda
10890,N,7,F,Parda
10897,N,6,M,Amarela
10904,N,8,M,Parda
10934,N,7,M,Branca
10940,N,7,F,Amarela
10941,S,5,F,Parda
10946,N,10,F,Parda
10967,S,7,F,Parda
10969,S,7,F,Parda
10978,S,7,F,Parda
10985,S,3,M,Parda
10988,N,8,F,Parda
10989,N,3,F,Parda
10996,N,2,M,Parda
11002,N,3,F,Parda
11022,N,4,F,Parda
11031,S,3,M,Parda
11035,N,6,M,Parda
11046,N,8,M,Parda
11068,N,7,F,Parda
11079,N,5,M,Parda
11082,S,8,F,Parda
11109,N,8,F,Parda
11110,N,8,F,Parda
11119,N,3,F,Parda
11121,S,8,F,Parda
11128,N,9,F,Branca
11142,S,5,F,Parda
11158,N,4,M,Parda
11161,S,1,M,Parda
11170,S,5,F,Parda
11172,N,8,F,Parda
11182,N,8,F,Parda
11194,N,5,F,Parda
11197,N,5,F,Parda
11206,N,8,F,Parda
11209,N,7,F,Parda
11213,N,8,F,Branca
11216,N,10,F,Parda
11225,N,3,F,Parda
11228,N,5,F,Parda
11240,N,5,F,Preta
11250,N,8,F,Parda
11258,N,4,F,Parda
11259,N,5,F,Parda
11263,S,7,F,Parda
11266,N,3,F,Parda
11273,N,7,F,Parda
11276,S,1,M,Parda
11280,N,8,F,Parda
11282,N,7,F,Parda
11297,N,9,M,Parda
11298,N,3,M,Parda
11309,N,7,F,Parda
11314,N,9,F,Parda
11331,N,1,M,Parda
11337,S,10,F,Parda
11339,N,8,M,Parda
11344,S,3,M,Parda
11356,S,7,F,Parda
11357,N,9,F,Parda
11359,N,7,F,Parda
11360,N,8,F,Branca
11363,N,7,F,Parda
11368,N,1,F,Parda
11373,N,7,M,Parda
11374,N,6,F,Parda
11387,N,5,M,Parda
11399,N,6,M,Parda
11405,S,9,F,Parda
11407,N,1,F,Parda
11420,N,1,F,Branca
11425,S,1,F,Parda
11432,N,6,M,Parda
11433,N,1,M,Parda
11445,N,4,M,Branca
11446,N,4,M,Branca
11476,N,2,M,Parda
11477,N,1,M,Parda
11489,N,1,F,Parda
11490,N,6,F,Parda
11496,S,2,M,Preta
11525,N,12,M,Preta
11529,N,5,M,Amarela
11537,N,8,F,Branca
11594,N,2,F,Branca
11602,N,3,F,Parda
11618,N,6,M,Branca
11674,S,5,M,Parda
11681,N,5,F,Branca
11683,N,7,F,Parda
11689,N,1,M,Branca
11723,S,4,F,Parda
11768,N,8,F,Parda
11790,N,9,F,Parda
11802,N,8,F,Parda
11815,S,4,M,Preta
11840,S,6,F,Parda
11852,N,7,M,Parda
11864,N,7,F,Branca
11888,N,4,F,Parda
11896,N,6,F,Indígena
11920,N,8,M,Parda
11924,S,6,M,Preta
11938,N,9,F,Branca
11942,N,8,M,Parda
11944,S,3,F,Parda
11950,N,4,M,Branca
11970,N,10,F,Parda
11994,N,5,F,Parda
12003,N,2,F,Preta
12006,N,7,F,Parda
12037,N,7,M,Preta
12040,S,10,F,Preta
12048,N,6,F,Preta
12059,N,7,F,Branca
12072,S,9,F,Parda
12077,N,8,M,Parda
12102,N,9,F,Preta
12113,N,8,M,Preta
12130,N,6,M,Parda
12154,N,10,F,Parda
12165,N,4,F,Branca
12176,N,8,F,Preta
12181,N,6,F,Parda
12188,S,4,M,Parda
12191,S,5,F,Preta
12205,N,2,F,Parda
12206,N,9,F,Parda
12214,N,5,F,Parda
12223,N,7,F,Branca
12244,N,8,F,Preta
12248,S,6,F,Parda
12271,S,9,F,Parda
12292,N,2,F,Parda
12300,N,1,M,Parda
12314,S,2,M,Amarela
12339,N,8,F,Branca
12368,S,2,F,Parda
12382,S,4,F,Branca
12409,N,2,F,Parda
12419,N,5,F,Branca
12424,N,4,F,Parda
12475,S,3,F,Parda
12486,S,8,F,Parda
12489,N,4,F,Parda
12496,N,6,F,Branca
12505,N,10,F,Parda
12510,S,9,F,Parda
12515,N,8,F,Parda
12519,N,2,F,Branca
12526,S,9,F,Parda
12533,N,10,M,Branca
12536,N,6,M,Parda
12547,S,1,F,Parda
12581,S,8,F,Preta
12588,S,5,F,Parda
12654,S,10,M,Parda
12665,S,6,M,Parda
12668,S,3,F,Preta
12671,N,8,F,Parda
12672,S,10,F,Preta
12679,N,9,F,Branca
12685,N,6,F,Branca
12702,S,1,M,Parda
12714,N,8,F,Branca
12743,N,6,F,Branca
12757,N,6,F,Branca
12761,N,4,F,Branca
12809,S,4,F,Preta
12818,N,1,M,Branca
12869,S,8,F,Parda
12878,N,11,M,Parda
12880,N,3,F,Branca
12888,N,2,M,Branca
12896,N,1,F,Parda
12899,N,11,F,Preta
12904,S,4,F,Preta
12918,N,7,F,Preta
12950,S,9,F,Preta
12964,S,8,F,Preta
12974,N,10,F,Parda
12976,S,9,M,Preta
12977,N,1,M,Preta
12985,S,2,M,Preta
12989,N,4,M,Preta
12999,S,8,F,Preta
13000,S,10,M,Preta
13014,N,10,F,Preta
13016,N,10,M,Preta
13020,N,3,F,Preta
13058,N,9,M,Preta
13072,S,11,F,Preta
13073,S,9,M,Preta
13079,N,11,F,Preta
13080,S,3,M,Preta
13084,S,2,M,Branca
13091,S,7,F,Preta
13096,S,11,F,Preta
13106,S,7,F,Preta
13113,N,7,M,Preta
13114,N,9,F,Preta
13129,N,6,F,Preta
13158,N,2,M,Preta
13168,S,7,F,Preta
13171,S,11,F,Preta
13176,N,3,F,Preta
13185,S,10,M,Amarela
13196,N,9,F,Preta
13209,N,8,M,Preta
13211,N,11,M,Preta
13224,N,7,F,Preta
13234,S,11,F,Preta
13235,N,10,F,Preta
13251,S,7,M,Preta
13266,S,4,F,Parda
13267,S,3,M,Parda
13272,S,3,F,Preta
13275,N,4,F,Parda
13276,S,5,F,Parda
13281,N,5,F,Preta
13285,S,3,F,Parda
13296,S,4,M,Parda
13300,S,5,M,Preta
13301,N,3,M,Preta
13308,S,4,M,Branca
13309,S,5,F,Preta
13311,S,6,F,Preta
13323,S,6,F,Branca
13340,S,4,F,Preta
13353,S,5,F,Parda
13354,N,6,F,Branca
13359,S,4,F,Branca
13364,N,3,F,Preta
13372,S,4,M,Parda
13374,S,5,M,Branca
13379,N,5,M,Preta
13383,N,4,F,Preta
13392,N,8,F,Parda
13401,N,8,F,Parda
13409,N,6,F,Branca
13416,S,5,F,Branca
13452,N,6,F,Branca
13461,N,4,F,Parda
13462,N,6,F,Parda
13468,N,3,F,Parda
13476,N,5,F,Parda
13477,N,1,F,Parda
13484,N,2,F,Parda
13485,N,1,F,Parda
13499,N,11,F,Preta
13505,N,11,F,Preta
13513,N,6,M,Branca
13523,N,8,F,Branca
13526,N,6,F,Parda
13527,N,1,F,Parda
13537,S,1,M,Parda
13538,N,11,F,Preta
13553,N,6,F,Parda
13559,N,4,M,Parda
13566,N,2,M,Parda
13567,N,1,M,Parda
13568,N,5,F,Branca
13575,N,8,F,Branca
13578,N,1,F,Parda
13587,S,4,F,Branca
13592,N,9,F,Preta
13602,N,5,F,Preta
13605,N,9,F,Parda
13609,N,7,F,Parda
13621,N,7,F,Parda
13655,S,7,F,Parda
13667,N,1,F,Branca
13677,N,3,F,Branca
13678,N,3,M,Preta
13680,S,1,M,Parda
13694,N,5,M,Parda
13699,N,8,F,Parda
13703,N,1,F,Parda
13710,N,5,F,Preta
13719,N,8,F,Preta
13720,S,5,F,Preta
13722,N,4,F,Branca
13724,S,2,F,Parda
13742,N,4,F,Parda
13753,S,1,F,Preta
13760,N,7,M,Parda
13780,N,1,M,Preta
13783,N,1,M,Preta
13784,N,1,F,Preta
13792,N,1,F,Parda
13798,S,1,F,Preta
13804,S,2,M,Preta
13806,N,2,F,Parda
13813,S,2,F,Branca
13840,N,6,M,Branca
13862,N,5,M,Parda
13865,N,6,M,Branca
13875,N,7,F,Parda
13878,S,3,F,Preta
13883,S,7,F,Preta
13897,N,6,M,Parda
13900,N,1,M,Parda
13901,N,8,M,Branca
13904,N,1,M,Parda
13915,N,9,F,Parda
13921,N,8,F,Amarela
13924,N,5,F,Preta
13932,N,7,F,Branca
13946,N,1,M,Preta
13951,N,8,M,Parda
13953,N,8,F,Branca
13963,S,8,F,Parda
13976,N,4,F,Preta
13981,N,4,F,Preta
13983,N,2,F,Parda
13992,N,5,F,Branca
13999,N,5,M,Preta
14009,N,10,M,Parda
14011,N,1,M,Parda
14012,N,1,M,Preta
14013,N,8,M,Preta
14014,N,3,F,Preta
14066,N,8,F,Parda
14068,N,8,F,Parda
14080,S,2,F,Preta
14083,N,8,F,Branca
14100,N,7,M,Parda
14104,N,7,M,Branca
14107,N,3,M,Parda
14118,N,4,M,Parda
14120,N,1,M,Preta
14136,N,11,F,Amarela
14140,N,1,F,Parda
14149,N,1,F,Amarela
14170,N,8,M,Parda
14192,N,8,M,Branca
14196,N,2,F,Preta
14198,N,3,F,Branca
14202,N,5,F,Parda
14219,N,1,M,Parda
14230,N,5,M,Parda
14242,N,8,F,Parda
14247,N,1,F,Preta
14261,N,8,M,Parda
14266,N,5,F,Branca
14269,N,7,M,Parda
14289,N,7,F,Branca
14296,N,8,F,Parda
14300,N,4,F,Branca
14306,N,2,F,Parda
14307,S,10,F,Parda
14327,S,2,F,Branca
14345,S,8,F,Parda
14348,S,10,F,Branca
14350,N,1,F,Preta
14352,N,9,F,Preta
14354,N,8,M,Branca
14376,S,5,F,Branca
14428,N,2,F,Branca
14429,N,3,F,Preta
14442,N,3,F,Branca
14445,N,7,F,Branca
14453,N,7,M,Preta
14474,N,6,M,Parda
14501,N,1,F,Parda
14509,S,2,F,Preta
14517,N,6,F,Branca
14531,N,7,F,Branca
14536,N,6,M,Branca
14539,N,1,F,Preta
14564,N,6,M,Parda
14574,S,7,F,Parda
14592,S,7,M,Parda
14598,S,1,M,Parda
14606,N,1,F,Branca
14610,N,6,M,Branca
14640,N,6,F,Parda
14670,N,6,M,Preta
14671,N,2,M,Preta
14679,N,3,F,Branca
14683,S,2,M,Parda
14684,S,2,M,Parda
14696,S,1,M,Parda
14697,S,5,M,Parda
14703,S,8,M,Preta
14704,S,1,M,Preta
14724,N,2,F,Parda
14725,N,7,F,Parda
14749,S,7,M,Preta
14757,N,6,M,Parda
14786,N,10,F,Branca
14831,N,3,M,Preta
14837,S,2,F,Preta
14863,N,4,M,Branca
14870,N,2,M,Preta
14881,N,5,F,Branca
14914,N,8,F,Parda
14916,N,8,F,Parda
14921,N,5,F,Parda
14955,N,6,M,Preta
14959,N,4,F,Parda
14963,N,4,F,Parda
14971,S,8,M,Parda
14979,N,5,M,Parda
15023,N,4,M,Parda
15033,S,8,M,Branca
15053,S,3,M,Parda
15057,N,6,M,Preta
15061,N,2,F,Preta
15073,N,8,M,Parda
15086,N,2,M,Preta
15098,N,4,F,Parda
15100,N,4,M,Branca
15120,N,2,M,Preta
15165,N,4,M,Parda
15173,N,5,M,Parda
15175,N,6,M,Parda
15178,N,6,M,Preta
15188,S,2,F,Preta
15193,S,5,F,Parda
15199,S,5,F,Parda
15200,S,5,F,Preta
15204,N,5,M,Branca
15218,N,7,M,Parda
15229,S,5,F,Preta
15242,S,6,M,Preta
15244,N,1,M,Preta
15268,S,4,M,Branca
15271,N,2,F,Preta
15277,N,2,F,Preta
15283,N,1,F,Preta
15290,N,2,F,Parda
15293,S,6,F,Preta
15316,S,6,F,Preta
15336,N,5,F,Parda
15345,N,5,M,Parda
15348,N,2,M,Preta
15368,N,1,F,Parda
15384,N,5,F,Parda
15389,N,1,M,Preta
15408,N,2,F,Preta
15425,N,8,M,Parda
15430,N,5,M,Parda
15466,N,1,M,Parda
15479,N,8,M,Parda
15487,N,5,M,Preta
15508,S,2,M,Preta
15509,N,5,M,Preta
15511,S,4,M,Preta
15512,S,6,M,Preta
15522,N,4,M,Branca
15524,N,5,F,Parda
15526,N,6,F,Parda
15532,N,6,F,Preta
15549,N,6,M,Preta
15568,N,6,M,Preta
15577,N,4,M,Parda
15582,S,6,M,Parda
15585,N,6,F,Preta
15586,S,2,F,Preta
15588,S,4,F,Parda
15592,N,2,F,Preta
15598,N,2,M,Branca
15599,N,5,F,Parda
15604,S,2,F,Preta
15637,S,2,M,Preta
15647,N,7,F,Parda
15654,N,6,M,Parda
15662,N,8,F,Parda
15664,N,5,F,Parda
15674,S,6,F,Parda
15679,S,6,F,Preta
15695,S,6,M,Preta
15708,S,6,M,Parda
15737,N,7,M,Branca
15764,N,6,F,Branca
15784,N,2,M,Preta
15787,N,4,M,Preta
15789,S,8,M,Parda
15797,S,1,M,Preta
15813,N,3,F,Parda
15814,N,6,F,Parda
15825,N,4,F,Preta
15826,N,2,F,Preta
15830,N,1,M,Parda
15831,N,5,M,Parda
15832,N,9,F,Parda
15843,N,7,M,Preta
15848,S,6,M,Parda
15849,S,2,M,Parda
15850,N,6,F,Parda
15852,N,10,F,Branca
15862,N,1,M,Preta
15864,N,4,M,Branca
15867,N,2,F,Branca
15883,N,4,F,Parda
15885,N,7,F,Branca
15900,N,7,F,Preta
15901,N,7,F,Branca
15902,N,3,F,Branca
15921,N,2,M,Branca
15922,N,3,M,Branca
15926,N,4,F,Preta
15936,S,1,M,Parda
15940,N,9,M,Preta
15943,N,4,M,Preta
15946,N,6,F,Preta
15962,N,10,F,Parda
15978,N,4,F,Preta
15986,N,6,F,Parda
15992,N,8,F,Branca
15997,N,2,F,Preta
16040,S,8,F,Parda
16041,N,6,F,Preta
16048,N,10,F,Parda
16058,N,5,F,Parda
16112,N,2,F,Preta
16113,N,5,F,Branca
16152,S,7,F,Preta
16163,N,4,F,Parda
16169,N,6,M,Branca
16173,N,4,M,Parda
16213,N,6,M,Branca
16214,S,6,F,Parda
16223,N,4,F,Preta
16227,N,8,M,Preta
16254,N,10,M,Parda
16257,S,9,M,Parda
16258,N,5,M,Preta
16262,N,7,M,Parda
16279,N,2,F,Parda
16290,S,4,F,Parda
16292,N,8,F,Branca
16323,N,8,M,Parda
16328,S,7,F,Parda
16360,N,8,F,Preta
16367,N,6,F,Parda
16374,N,8,M,Branca
16379,N,5,F,Parda
16392,S,2,M,Preta
16396,N,4,M,Preta
16453,N,6,F,Preta
16458,N,10,M,Parda
16470,N,6,F,Parda
16471,N,6,F,Branca
16477,N,10,F,Parda
16479,N,6,M,Parda
16497,S,4,F,Preta
16522,N,1,M,Parda
16531,N,8,F,Parda
16558,N,8,M,Parda
16570,N,8,M,Parda
16573,N,2,M,Branca
16578,N,4,F,Branca
16589,N,7,F,Branca
16592,N,4,M,Parda
16618,N,7,M,Branca
16623,N,9,M,Parda
16645,N,5,F,Branca
16651,N,2,F,Parda
16657,N,2,F,Preta
16659,N,2,F,Preta
16667,N,4,F,Preta
16677,N,6,F,Parda
16688,N,2,M,Branca
16697,N,5,F,Parda
16729,N,8,F,Preta
16752,N,6,F,Parda
16772,N,8,F,Branca
16784,S,2,F,Branca
16790,N,7,F,Preta
16847,N,6,M,Branca
16852,N,8,M,Branca
16854,N,10,F,Branca
16863,N,6,F,Parda
16880,N,8,F,Parda
16883,N,6,F,Branca
16885,N,3,F,Parda
16920,N,5,M,Branca
16931,N,10,F,Parda
16935,N,10,F,Parda
16940,S,8,F,Parda
16944,N,8,M,Preta
16952,N,8,M,Branca
16960,N,1,F,Branca
16980,N,8,F,Branca
17003,N,3,F,Branca
17004,N,6,F,Parda
17006,N,3,F,Branca
17007,N,9,F,Parda
17029,N,3,F,Parda
17030,N,1,F,Parda
17038,N,10,M,Branca
17051,N,7,F,Branca
17052,N,3,F,Branca
17053,N,1,M,Branca
17055,N,9,M,Parda
17056,N,1,M,Parda
17072,N,5,F,Branca
17073,N,1,F,Parda
17074,N,11,M,Branca
17077,N,8,M,Parda
17080,N,2,M,Branca
17081,N,3,M,Parda
17086,N,11,F,Branca
17095,N,7,F,Branca
17096,N,2,F,Branca
17097,S,7,F,Parda
17099,N,9,F,Branca
17100,N,3,F,Parda
17101,N,4,F,Branca
17102,N,7,F,Parda
17105,N,3,F,Branca
17106,N,2,F,Parda
17107,N,7,F,Branca
17108,N,3,F,Parda
17113,N,9,F,Branca
17114,N,3,F,Parda
17116,N,5,F,Branca
17123,N,5,F,Parda
17124,N,6,F,Parda
17129,N,2,M,Branca
17134,N,7,F,Branca
17135,N,3,F,Parda
17136,N,3,F,Parda
17142,N,3,M,Branca
17144,N,11,F,Branca
17146,N,7,F,Branca
17148,N,3,F,Preta
17152,S,2,F,Parda
17153,S,3,F,Parda
17160,N,9,F,Branca
17161,N,2,F,Branca
17165,N,10,F,Branca
17173,N,8,F,Branca
17182,N,9,F,Branca
17185,N,7,M,Branca
17192,N,3,F,Branca
17195,N,4,M,Parda
17203,N,8,F,Parda
17205,S,11,F,Parda
17210,S,8,F,Branca
17230,N,8,F,Parda
17234,N,5,F,Branca
17241,S,3,F,Parda
17246,N,7,F,Branca
17247,N,5,F,Parda
17248,N,7,F,Branca
17251,S,9,F,Branca
17263,S,8,F,Branca
17268,N,7,F,Branca
17278,N,3,F,Parda
17279,N,7,F,Parda
17281,N,4,F,Branca
17298,N,7,M,Parda
17299,N,5,M,Branca
17305,N,5,M,Parda
17306,N,7,M,Parda
17307,N,3,M,Branca
17308,N,4,M,Branca
17311,N,11,M,Parda
17312,N,1,M,Branca
17313,N,3,M,Parda
17319,N,8,F,Parda
17322,N,4,F,Branca
17324,N,3,F,Branca
17334,N,7,F,Branca
17335,N,9,M,Branca
17340,N,9,F,Branca
17342,S,10,F,Branca
17343,N,9,F,Branca
17347,N,5,F,Branca
17348,N,5,F,Parda
17353,S,5,M,Branca
17354,N,9,M,Branca
17363,N,9,M,Parda
17370,N,1,F,Branca
17375,N,10,F,Branca
17379,S,8,M,Branca
17381,S,7,M,Branca
17389,N,5,F,Parda
17393,N,9,F,Branca
17401,N,9,M,Branca
17409,N,7,F,Branca
17411,N,5,F,Branca
17412,N,3,F,Parda
17413,N,2,F,Branca
17432,N,8,F,Branca
17434,S,8,F,Branca
17439,N,6,F,Branca
17440,N,6,F,Parda
17442,N,5,M,Parda
17450,N,8,F,Parda
17451,N,8,F,Parda
17454,N,7,F,Branca
17455,N,5,F,Parda
17458,N,9,F,Branca
17464,N,5,F,Parda
17465,N,5,F,Parda
17469,N,10,F,Parda
17471,N,5,F,Parda
17473,N,11,M,Parda
17476,N,3,M,Parda
17477,N,11,M,Branca
17483,N,11,M,Branca
17496,N,9,F,Branca
17502,S,10,M,Parda
17508,N,3,F,Parda
17509,N,7,M,Parda
17515,N,9,M,Branca
17516,N,9,F,Branca
17517,N,7,F,Branca
17518,N,8,F,Branca
17520,N,1,F,Parda
17524,N,9,F,Branca
17525,N,11,F,Branca
17529,N,8,F,Branca
17535,N,9,M,Branca
17537,N,5,F,Branca
17542,N,3,F,Branca
17544,N,5,M,Parda
17546,N,8,F,Branca
17550,N,7,M,Branca
17551,N,8,F,Branca
17555,N,11,F,Branca
17559,N,8,M,Parda
17560,N,10,M,Branca
17561,N,3,F,Branca
17565,N,9,M,Branca
17568,N,8,F,Parda
17571,N,10,M,Branca
17590,N,8,F,Branca
17597,N,7,F,Branca
17602,N,11,M,Branca
17611,S,5,F,Parda
17615,N,8,F,Branca
17617,N,7,F,Branca
17625,N,4,M,Branca
17640,N,8,F,Parda
17642,N,7,M,Parda
17649,N,8,M,Branca
17650,N,7,F,Branca
17652,N,10,F,Parda
17658,N,4,M,Parda
17660,N,2,F,Parda
17661,S,8,F,Branca
17662,N,9,F,Branca
17681,S,3,M,Branca
17685,N,7,M,Branca
17687,N,5,M,Branca
17700,N,5,F,Branca
17704,N,5,M,Parda
17705,N,5,F,Branca
17706,N,9,F,Branca
17712,N,4,M,Parda
17715,N,2,F,Branca
17721,N,9,M,Branca
17737,N,3,M,Branca
17740,N,11,M,Preta
17751,N,8,F,Branca
17755,N,1,F,Preta
17756,N,7,F,Branca
17760,N,5,F,Parda
17764,N,3,F,Parda
17771,N,5,F,Parda
17774,N,10,F,Branca
17780,N,5,M,Branca
17781,N,9,M,Branca
17788,N,8,M,Branca
17791,N,10,M,Branca
17797,N,11,F,Branca
17800,S,8,F,Branca
17804,N,2,F,Branca
17816,N,9,M,Parda
17817,N,9,M,Branca
17818,S,3,F,Branca
17821,N,3,F,Branca
17822,N,3,F,Branca
17823,N,5,F,Branca
17830,N,5,M,Branca
17835,N,8,M,Parda
17848,N,9,M,Branca
17862,N,9,M,Parda
17869,N,9,M,Branca
17883,N,2,F,Branca
17885,N,3,F,Parda
17886,N,5,M,Branca
17889,N,6,M,Branca
17895,S,3,F,Branca
17902,N,9,F,Branca
17905,N,2,F,Parda
17906,N,10,F,Preta
17908,N,4,M,Branca
17914,N,7,F,Branca
17916,N,5,F,Parda
17920,N,8,F,Branca
17921,N,5,M,Branca
17924,S,7,F,Branca
17930,N,5,F,Branca
17931,N,7,F,Branca
17932,N,8,F,Branca
17935,N,8,F,Branca
17937,N,7,F,Parda
17938,N,8,F,Parda
17943,N,3,M,Parda
17959,N,3,F,Branca
17961,N,9,F,Branca
17963,S,5,M,Parda
17964,N,9,F,Branca
17967,N,4,M,Parda
17972,N,9,F,Branca
17973,N,9,F,Branca
17981,N,8,F,Branca
17987,S,8,M,Branca
17988,S,3,F,Parda
17990,N,11,F,Parda
17998,N,11,M,Branca
17999,N,5,M,Branca
18002,S,7,F,Branca
18009,S,3,M,Branca
18013,N,5,F,Branca
18016,N,5,F,Branca
18018,N,7,F,Branca
18023,S,7,F,Branca
18027,N,2,M,Branca
18030,N,7,F,Parda
18037,N,6,F,Branca
18038,N,7,M,Parda
18041,N,7,F,Branca
18047,N,7,F,Parda
18049,N,7,M,Parda
18060,N,3,M,Parda
18062,S,4,M,Parda
18073,N,7,M,Branca
18079,N,5,F,Branca
18081,N,9,F,Branca
18084,N,8,M,Branca
18093,N,8,F,Branca
18099,N,2,M,Parda
18101,N,7,M,Parda
18104,N,8,M,Branca
18109,N,7,M,Branca
18115,N,8,F,Branca
18121,N,9,M,Parda
18122,N,9,M,Branca
18129,N,5,M,Branca
18130,N,4,M,Branca
18140,N,10,M,Branca
18146,S,4,M,Parda
18150,N,3,F,Parda
18153,N,3,F,Branca
18159,N,5,F,Branca
18170,N,3,F,Branca
18172,N,8,F,Parda
18174,N,6,F,Branca
18176,N,5,M,Parda
18177,S,3,F,Parda
18180,N,8,M,Parda
18183,N,7,M,Parda
18184,N,6,M,Parda
18185,N,7,M,Parda
18192,N,1,M,Parda
18206,N,7,M,Branca
18215,N,5,M,Parda
18222,N,8,F,Branca
18224,N,8,F,Parda
18226,N,11,F,Branca
18227,N,5,F,Parda
18231,S,8,F,Preta
18232,N,9,F,Branca
18239,N,7,F,Branca
18242,N,3,F,Branca
18249,N,8,F,Branca
18250,N,9,F,Branca
18267,N,11,F,Branca
18270,N,8,M,Parda
18284,N,5,F,Branca
18286,N,9,F,Branca
18288,N,8,M,Parda
18290,S,11,M,Parda
18294,N,9,M,Branca
18295,N,5,M,Parda
18301,N,5,M,Parda
18306,N,3,M,Branca
18310,N,9,M,Parda
18315,N,9,M,Branca
18323,N,9,M,Branca
18324,N,8,M,Branca
18327,N,5,M,Parda
18333,S,8,F,Parda
18342,N,9,M,Parda
18343,N,6,M,Branca
18344,N,7,F,Branca
18345,N,8,F,Branca
18347,N,8,F,Branca
18349,N,7,F,Branca
18351,N,5,F,Parda
18367,S,5,M,Preta
18368,N,3,F,Parda
18370,N,5,M,Branca
18374,N,5,F,Branca
18376,N,6,M,Parda
18392,N,9,M,Parda
18393,N,6,M,Branca
18396,N,3,M,Parda
18398,S,11,F,Preta
18404,N,10,F,Branca
18419,N,2,M,Preta
18421,N,5,F,Parda
18424,N,2,F,Parda
18426,N,5,F,Branca
18434,N,2,M,Parda
18444,N,6,M,Parda
18457,N,7,F,Branca
18458,N,3,F,Parda
18459,N,5,F,Branca
18471,S,9,F,Branca
18472,N,3,F,Preta
18473,S,3,F,Branca
18483,N,11,F,Branca
18489,N,7,F,Branca
18492,N,3,F,Branca
18493,N,5,F,Parda
18510,N,11,F,Branca
18512,N,5,F,Parda
18516,N,9,F,Branca
18518,S,9,F,Parda
18520,N,7,M,Branca
18523,N,10,M,Parda
18529,N,8,M,Parda
18537,N,1,M,Parda
18539,N,3,F,Branca
18542,N,3,M,Parda
18545,N,9,M,Branca
18561,N,8,F,Branca
18563,N,5,F,Branca
18574,N,6,M,Branca
18578,N,8,F,Parda
18585,N,10,M,Branca
18594,N,7,F,Branca
18601,S,5,F,Parda
18607,N,8,M,Branca
18613,S,8,M,Parda
18617,N,8,M,Parda
18625,N,11,M,Parda
18626,N,7,M,Parda
18628,N,6,M,Branca
18635,N,6,M,Parda
18638,N,9,F,Branca
18640,S,8,F,Branca
18688,N,10,F,Branca
18689,N,10,M,Preta
18692,N,10,F,Preta
18699,S,11,F,Parda
18702,N,10,M,Branca
